ID;parent;name;phone;address;latlng;text;birth_date;city
1;0;Noel Barron;(07382) 6810122;Ap #287-1575 Mollis. Street;-59.96145, 28.01237;nunc id enim. Curabitur massa. Vestibulum accumsan neque et nunc.;1984-08-06 02:42:20;Monte Giberto
2;1;Julie Mckinney;(0242) 69198423;Ap #451-5295 Tristique Av.;-10.45791, -92.01334;Aliquam fringilla cursus purus. Nullam scelerisque neque sed sem egestas;1984-07-24 14:39:48;Frignano
3;1;Melyssa Flowers;(0012) 32932337;Ap #249-5250 Augue. Rd.;81.38752, -63.51457;blandit viverra. Donec tempus, lorem fringilla ornare placerat, orci lacus;1989-01-16 01:06:59;Sint-Denijs-Westrem
4;2;Virginia Salazar;(039656) 808746;P.O. Box 613, 6497 Vel St.;-71.11043, 91.99832;turpis. In condimentum. Donec at arcu. Vestibulum ante ipsum primis;1985-01-01 04:38:06;Buckingham
5;4;Freya Dalton;(0130) 81149248;Ap #746-6672 Tempor Rd.;54.82424, 13.02152;ornare sagittis felis. Donec tempor, est ac mattis semper, dui;1980-07-07 17:45:45;Varsenare
6;3;Petra Ray;(035666) 844870;9684 Elit, Ave;47.82989, -162.43073;felis eget varius ultrices, mauris ipsum porta elit, a feugiat;1986-11-21 10:05:58;Lokeren
7;5;Camilla Daniel;(036989) 245408;P.O. Box 507, 4989 In, Av.;21.85619, 121.42227;leo. Cras vehicula aliquet libero. Integer in magna. Phasellus dolor;1986-07-08 15:47:39;Saint-Brieuc
8;2;Francesca Rutledge;(02656) 0914012;720-3478 Cras Avenue;35.17761, -166.04693;amet diam eu dolor egestas rhoncus. Proin nisl sem, consequat;1989-10-16 14:05:18;Segni
9;5;Belle Craig;(036078) 346759;Ap #626-3338 Morbi St.;64.82729, 62.40881;mus. Proin vel arcu eu odio tristique pharetra. Quisque ac;1986-10-18 03:30:12;Lint
10;6;Martha Hurley;(094) 23675069;Ap #489-8579 Augue. Street;-63.35905, -113.76548;ornare sagittis felis. Donec tempor, est ac mattis semper, dui;1983-06-05 01:49:30;Cabo de Hornos
11;6;Linda Shepherd;(06475) 2583181;3631 Sagittis Rd.;72.92581, 10.43067;dictum. Proin eget odio. Aliquam vulputate ullamcorper magna. Sed eu;1982-02-03 10:41:48;Lansing
12;9;Lila Stein;(04277) 3638752;P.O. Box 487, 4132 Libero St.;-72.00926, -71.55782;nec luctus felis purus ac tellus. Suspendisse sed dolor. Fusce;1986-06-04 12:56:42;Saint-Lô
13;7;Joelle Lester;(098) 78088776;5738 Dis Rd.;-16.37827, -76.57846;ipsum leo elementum sem, vitae aliquam eros turpis non enim.;1980-08-20 21:47:54;Ivangorod
14;9;Jessica Aguilar;(069) 53457439;Ap #252-668 Nam Avenue;-9.26109, 59.26526;fermentum fermentum arcu. Vestibulum ante ipsum primis in faucibus orci;1988-06-20 07:14:56;Zevekote
15;10;Rinah Figueroa;(033154) 848387;3727 Pede. Road;-31.97954, -14.86218;Phasellus in felis. Nulla tempor augue ac ipsum. Phasellus vitae;1983-02-22 16:09:39;South Burlington
16;14;Ayanna Lancaster;(063) 71478471;Ap #309-5308 Praesent St.;-65.24878, 84.16139;sem ut dolor dapibus gravida. Aliquam tincidunt, nunc ac mattis;1989-03-22 16:24:39;Beauport
17;15;Maite Whitehead;(046) 24403843;P.O. Box 695, 3755 Integer Avenue;-4.09892, 113.6585;odio. Aliquam vulputate ullamcorper magna. Sed eu eros. Nam consequat;1987-08-05 14:36:16;Kozhikode
18;12;Aretha Blake;(06533) 4911373;939-8204 Nisi. Avenue;-63.34773, 125.99871;et, rutrum eu, ultrices sit amet, risus. Donec nibh enim,;1982-06-25 05:06:50;South Portland
19;15;Teegan Nunez;(02482) 9769845;Ap #494-1667 Ipsum Street;63.93858, -50.68972;penatibus et magnis dis parturient montes, nascetur ridiculus mus. Donec;1981-02-24 03:19:16;Castellafiume
20;12;Amanda Koch;(01863) 7128137;1173 Nisi Street;33.02425, 39.80377;fringilla. Donec feugiat metus sit amet ante. Vivamus non lorem;1986-09-12 13:31:36;Łódź
21;17;Anjolie Compton;(048) 98605081;Ap #370-1010 Quisque Rd.;-58.84956, -10.79502;iaculis, lacus pede sagittis augue, eu tempor erat neque non;1983-07-17 09:20:46;Saint-Hilarion
22;18;Iris Clemons;(0193) 53211989;P.O. Box 838, 6253 Nibh. Street;-46.82397, 25.00645;mauris ipsum porta elit, a feugiat tellus lorem eu metus.;1982-08-29 04:44:43;Waalwijk
23;11;Quail Thornton;(053) 05678225;P.O. Box 917, 201 Euismod Avenue;57.62588, -50.89642;ultricies dignissim lacus. Aliquam rutrum lorem ac risus. Morbi metus.;1980-02-24 19:56:24;Bogotá
24;10;Scarlet Frank;(01640) 0365130;3412 Mauris Street;-15.84494, -96.36138;mattis ornare, lectus ante dictum mi, ac mattis velit justo;1989-03-12 10:30:10;IJlst
25;18;Mikayla Palmer;(031389) 399042;P.O. Box 160, 641 Sociosqu St.;-51.54028, 99.26089;sed, est. Nunc laoreet lectus quis massa. Mauris vestibulum, neque;1985-03-13 12:56:29;Multan
26;17;Abigail Riley;(0926) 08482365;3931 Urna, Av.;53.72297, 158.42356;risus, at fringilla purus mauris a nunc. In at pede.;1981-01-10 21:46:51;Qutubullapur
27;19;Stacy Soto;(017) 26057664;6941 Vitae St.;80.62143, -9.47685;Nullam suscipit, est ac facilisis facilisis, magna tellus faucibus leo,;1982-06-29 12:39:33;Hyderabad
28;24;Mariko Cooper;(045) 41128229;P.O. Box 162, 5377 Et, Avenue;-72.60459, 62.8831;erat. Sed nunc est, mollis non, cursus non, egestas a,;1989-12-07 12:18:23;Sant'Ilario dello Ionio
29;16;Nerea Freeman;(0091) 64708198;Ap #569-2972 Enim St.;-11.61306, 8.59696;metus. Vivamus euismod urna. Nullam lobortis quam a felis ullamcorper;1984-01-26 06:35:27;Cobquecura
30;13;Ayanna Kennedy;(058) 16286064;Ap #859-5349 Neque Av.;49.95944, -11.78156;diam dictum sapien. Aenean massa. Integer vitae nibh. Donec est;1989-06-21 00:54:37;LaSalle
31;3;Justina Good;(00702) 3155755;694-7746 Pede. Avenue;59.43788, 20.36005;aliquam iaculis, lacus pede sagittis augue, eu tempor erat neque;1980-08-19 18:26:09;Fort Good Hope
32;23;Rylee Chase;(09895) 6443184;P.O. Box 788, 3263 Nulla Road;-50.84467, -152.63739;dapibus quam quis diam. Pellentesque habitant morbi tristique senectus et;1983-04-05 11:44:40;Khyber Agency
33;7;Adria Richardson;(050) 02163443;539-166 Tellus. Rd.;72.34264, 176.96765;bibendum sed, est. Nunc laoreet lectus quis massa. Mauris vestibulum,;1981-05-04 01:44:05;Arrone
34;16;Juliet Wilder;(09158) 4066359;P.O. Box 837, 4214 Per Avenue;-10.99651, -122.28604;ante dictum mi, ac mattis velit justo nec ante. Maecenas;1987-06-08 14:54:05;Ninhue
35;4;Camille Conway;(05557) 4465090;Ap #949-2702 Lorem Street;-6.693, -88.0444;auctor, velit eget laoreet posuere, enim nisl elementum purus, accumsan;1982-02-19 09:25:35;Pınarbaşı
36;20;Hayfa Abbott;(031460) 064692;Ap #547-5695 Nulla St.;-81.79499, -67.87281;non, vestibulum nec, euismod in, dolor. Fusce feugiat. Lorem ipsum;1985-01-26 07:15:08;Kalat
37;14;Jennifer Avila;(0861) 67364076;P.O. Box 657, 1636 Scelerisque Street;48.63736, -40.01285;at pretium aliquet, metus urna convallis erat, eget tincidunt dui;1986-08-02 02:42:10;Westrem
38;27;Sage Mckay;(056) 78375784;7001 Id Street;-3.84092, 34.48153;tempor bibendum. Donec felis orci, adipiscing non, luctus sit amet,;1980-03-05 04:10:41;Fusagasugá
39;38;Alice Carlson;(04482) 8391792;P.O. Box 963, 5572 Ac Ave;-61.32944, -49.93536;convallis convallis dolor. Quisque tincidunt pede ac urna. Ut tincidunt;1984-05-01 15:44:38;Tywyn
40;26;Anne Kennedy;(0981) 76974715;P.O. Box 835, 5986 Magna. St.;-69.44126, -42.38119;Nunc ac sem ut dolor dapibus gravida. Aliquam tincidunt, nunc;1983-08-14 09:20:27;Hulste
41;35;Lacey Porter;(064) 40188559;Ap #887-3790 Turpis. Avenue;76.63853, -94.87012;sed dolor. Fusce mi lorem, vehicula et, rutrum eu, ultrices;1988-07-29 17:43:30;Wijshagen
42;37;Harriet Burt;(034538) 090975;917-5647 Nunc St.;-83.62816, -6.21217;dignissim magna a tortor. Nunc commodo auctor velit. Aliquam nisl.;1989-05-01 02:39:30;Santa Maria
43;13;Jaime Flynn;(052) 61822333;Ap #784-5019 Ac Ave;35.62539, 133.65822;quis diam luctus lobortis. Class aptent taciti sociosqu ad litora;1989-03-09 12:41:54;Saint-Dizier
44;27;Leah Camacho;(0406) 22797499;718 Primis Road;31.02087, 128.58913;nulla magna, malesuada vel, convallis in, cursus et, eros. Proin;1980-04-02 22:52:03;Flint
45;8;Remedios Hull;(087) 03370916;P.O. Box 159, 3502 Massa. Rd.;4.98486, 58.02676;tempor diam dictum sapien. Aenean massa. Integer vitae nibh. Donec;1983-10-10 07:54:11;Deschambault
46;22;Hanna Rice;(037709) 934890;P.O. Box 444, 3679 Magna. St.;-37.50327, 102.97289;semper egestas, urna justo faucibus lectus, a sollicitudin orci sem;1987-10-11 23:58:07;Kaaskerke
47;22;Adele Solis;(034336) 861405;P.O. Box 698, 4569 Nec Avenue;51.10169, -3.5616;sit amet ante. Vivamus non lorem vitae odio sagittis semper.;1982-02-16 21:42:13;Penna San Giovanni
48;11;Imelda Trujillo;(0469) 12976082;P.O. Box 460, 3072 Maecenas St.;80.97613, -67.00659;ac nulla. In tincidunt congue turpis. In condimentum. Donec at;1985-09-21 02:44:31;Seltso
49;30;Melyssa Sandoval;(034139) 164998;826-1300 Et Street;29.51903, -108.60532;ac tellus. Suspendisse sed dolor. Fusce mi lorem, vehicula et,;1984-11-25 14:34:37;Proddatur
50;38;Jana Case;(005) 49311019;775-5737 Donec St.;-45.72086, -151.39721;odio. Nam interdum enim non nisi. Aenean eget metus. In;1983-08-30 09:14:53;Haren
51;44;Karina Martin;(0885) 11733593;309-935 Egestas Ave;82.05433, 102.74765;Nulla dignissim. Maecenas ornare egestas ligula. Nullam feugiat placerat velit.;1980-08-08 20:19:32;Thurso
52;40;Moana Slater;(033508) 079036;268-8147 Class Avenue;70.39624, -156.16986;nascetur ridiculus mus. Proin vel nisl. Quisque fringilla euismod enim.;1981-01-20 09:22:11;Vedrin
53;8;Shay Vinson;(06832) 1173413;586-9877 Scelerisque, Street;-27.79421, -48.09393;dignissim. Maecenas ornare egestas ligula. Nullam feugiat placerat velit. Quisque;1988-02-29 02:15:09;Fourbechies
54;29;Cailin Valdez;(00239) 8620034;P.O. Box 949, 3843 Magna. Avenue;-19.02904, 101.43725;tempus non, lacinia at, iaculis quis, pede. Praesent eu dui.;1983-06-15 02:33:05;Sialkot
55;49;Bertha Casey;(066) 60405019;Ap #577-8865 Magnis Street;83.08017, -1.72022;blandit at, nisi. Cum sociis natoque penatibus et magnis dis;1985-05-18 03:12:17;Kotelniki
56;40;Regan Carson;(0751) 38980854;466-5705 Risus. Road;-40.45823, 145.7855;feugiat non, lobortis quis, pede. Suspendisse dui. Fusce diam nunc,;1989-10-05 23:18:10;Bochum
57;35;Frances Hess;(063) 19951763;2747 Et St.;7.14911, 116.38138;Duis risus odio, auctor vitae, aliquet nec, imperdiet nec, leo.;1985-10-08 16:10:02;Guadalajara
58;31;MacKenzie Burns;(090) 28553849;7247 Massa Rd.;-86.19087, 37.67927;orci sem eget massa. Suspendisse eleifend. Cras sed leo. Cras;1983-04-20 23:17:19;Paulatuk
59;52;Doris Martin;(0528) 12737156;Ap #149-9471 Duis Street;17.18204, 69.18334;aliquet libero. Integer in magna. Phasellus dolor elit, pellentesque a,;1981-09-08 12:45:02;San Isidro
60;47;Nerea Blevins;(0298) 78035156;4307 Mattis Rd.;86.27576, 88.37165;non lorem vitae odio sagittis semper. Nam tempor diam dictum;1990-01-16 04:57:34;Ruoti
61;21;Neve Holmes;(07168) 5203579;P.O. Box 721, 1226 Libero Rd.;-11.27087, 132.781;odio vel est tempor bibendum. Donec felis orci, adipiscing non,;1984-08-24 03:59:01;Celle
62;52;Sacha Ewing;(019) 54342568;189-1544 Elit. Av.;-72.0439, 119.21307;tellus id nunc interdum feugiat. Sed nec metus facilisis lorem;1982-05-07 06:49:04;Montebello sul Sangro
63;24;Maryam Hendricks;(033243) 663113;915 Sed St.;71.385, -73.90426;nibh. Donec est mauris, rhoncus id, mollis nec, cursus a,;1989-03-14 05:36:22;Oderzo
64;54;Farrah Foley;(01810) 9890977;287-8327 Eros St.;8.14795, -126.76619;interdum. Sed auctor odio a purus. Duis elementum, dui quis;1989-06-06 04:39:55;Conselice
65;26;Idona Dawson;(0372) 14164441;6427 Donec Ave;-28.9955, -139.95445;justo. Praesent luctus. Curabitur egestas nunc sed libero. Proin sed;1988-05-18 04:45:16;Tongerlo
66;50;Heather Floyd;(0730) 12712937;P.O. Box 186, 5069 Quisque Street;-68.02709, 162.15326;eu eros. Nam consequat dolor vitae dolor. Donec fringilla. Donec;1986-07-15 01:26:07;Hannut
67;57;Risa Becker;(0169) 14370970;4481 Mi, Ave;-27.07555, 157.31686;dui lectus rutrum urna, nec luctus felis purus ac tellus.;1985-04-07 10:36:03;Norfolk
68;55;Jeanette Cole;(0832) 90050429;P.O. Box 564, 6536 Aenean St.;48.81999, 112.7536;ut, molestie in, tempus eu, ligula. Aenean euismod mauris eu;1986-03-04 19:36:10;Hof
69;41;Vielka Cotton;(037217) 194801;P.O. Box 287, 5194 Dui, Avenue;-4.03518, -161.07505;nonummy ultricies ornare, elit elit fermentum risus, at fringilla purus;1984-11-16 09:50:13;Cartago
70;28;Jessica Klein;(035) 91416470;Ap #580-1508 Enim, Road;-38.86632, -70.7536;sem molestie sodales. Mauris blandit enim consequat purus. Maecenas libero;1988-09-08 00:16:37;Buggenhout
71;69;Tana Rosa;(075) 77769524;Ap #966-4723 Elit Av.;-43.09466, -47.74737;lectus pede, ultrices a, auctor non, feugiat nec, diam. Duis;1986-03-25 18:26:52;Cap-Rouge
72;44;Rhoda Salazar;(0601) 71274665;747-1631 Ante, Road;-72.51466, -142.8288;Ut tincidunt orci quis lectus. Nullam suscipit, est ac facilisis;1987-11-05 01:36:42;Nobressart
73;23;Dawn David;(0417) 61927686;P.O. Box 913, 5830 Vestibulum Road;-47.64517, -168.47215;aliquet. Phasellus fermentum convallis ligula. Donec luctus aliquet odio. Etiam;1985-09-26 05:20:51;Corroy-le-Grand
74;60;Larissa Grimes;(050) 57297743;918-4928 Sit St.;49.71951, 22.45038;Nam consequat dolor vitae dolor. Donec fringilla. Donec feugiat metus;1987-05-10 19:31:20;Kamalia
75;51;Justine Oconnor;(033810) 164963;874-7781 Vitae, Av.;-38.18004, 79.99588;dictum augue malesuada malesuada. Integer id magna et ipsum cursus;1982-11-10 23:31:17;Vanier
76;56;Macy Reeves;(015) 74194371;Ap #272-6015 Massa. Street;9.62202, -150.45937;risus. Nulla eget metus eu erat semper rutrum. Fusce dolor;1987-04-03 09:15:37;Malderen
77;55;Justine Green;(038508) 382136;P.O. Box 819, 6283 Odio. Av.;-25.64532, -14.03026;commodo ipsum. Suspendisse non leo. Vivamus nibh dolor, nonummy ac,;1988-03-24 01:41:27;Biez
78;49;Noelle Mathews;(04138) 4092831;Ap #494-8813 Tellus. St.;-9.66176, -142.32069;Vivamus nibh dolor, nonummy ac, feugiat non, lobortis quis, pede.;1986-05-14 23:59:58;Lautaro
79;72;Brynne Rosa;(036725) 496883;Ap #240-7115 Quisque Road;82.28691, 69.10616;Maecenas malesuada fringilla est. Mauris eu turpis. Nulla aliquet. Proin;1984-10-26 18:05:59;Kirkwall
80;62;Anastasia Parker;(0855) 18528489;P.O. Box 147, 2449 Maecenas St.;33.66397, 65.4609;penatibus et magnis dis parturient montes, nascetur ridiculus mus. Aenean;1982-10-18 11:45:23;Nonsan
81;19;Natalie Savage;(033) 27309935;P.O. Box 252, 8555 Dui. St.;-1.1565, 64.6554;dictum placerat, augue. Sed molestie. Sed id risus quis diam;1981-01-23 16:00:00;Scanzano Jonico
82;54;Abigail Rosario;(087) 92721684;P.O. Box 740, 5085 Pharetra, St.;21.05673, 127.51941;purus ac tellus. Suspendisse sed dolor. Fusce mi lorem, vehicula;1981-08-24 00:37:44;Gretna
83;70;Jael Barnett;(00797) 4171232;9059 Donec Ave;-10.48521, 91.19224;ante. Maecenas mi felis, adipiscing fringilla, porttitor vulputate, posuere vulputate,;1989-12-06 09:34:54;Fort Good Hope
84;53;Nelle Whitaker;(038153) 941351;7518 Cum Av.;-10.87719, -62.37264;sem magna nec quam. Curabitur vel lectus. Cum sociis natoque;1989-03-19 08:51:13;Kurram Agency
85;31;Kyla Henry;(0562) 99184292;558-6588 Quis, Ave;-57.81189, 126.47408;Pellentesque habitant morbi tristique senectus et netus et malesuada fames;1986-04-22 13:40:14;Norfolk
86;29;Aiko Wilcox;(06266) 1563216;P.O. Box 576, 2229 Eget Ave;-53.06316, -87.10839;a, enim. Suspendisse aliquet, sem ut cursus luctus, ipsum leo;1985-05-24 09:13:09;Kawartha Lakes
87;51;Sasha Summers;(033384) 829548;314-3249 Dictum Ave;16.56918, 127.95655;mus. Aenean eget magna. Suspendisse tristique neque venenatis lacus. Etiam;1983-01-02 17:03:54;Cariboo Regional District
88;64;Venus Martin;(06646) 7182070;9255 Vitae Street;59.52477, -25.54035;pede, malesuada vel, venenatis vel, faucibus id, libero. Donec consectetuer;1990-02-21 19:26:31;Pickering
89;82;Macey Roman;(079) 42427777;P.O. Box 126, 107 Morbi St.;16.57239, -176.02325;metus. Aenean sed pede nec ante blandit viverra. Donec tempus,;1980-08-08 00:43:24;Abeokuta
90;37;Cameron Tyler;(033565) 792149;806-3547 Morbi Rd.;-43.57571, 96.79564;ante. Nunc mauris sapien, cursus in, hendrerit consectetuer, cursus et,;1986-07-31 22:42:25;Laramie
91;85;Veronica Harris;(042) 58903567;Ap #212-9330 Libero Av.;-52.83984, -112.68286;magna. Nam ligula elit, pretium et, rutrum non, hendrerit id,;1987-03-04 08:51:12;Purulia
92;25;Shea Kerr;(02647) 0566836;5211 Tristique Rd.;-68.92633, 150.30695;nonummy ipsum non arcu. Vivamus sit amet risus. Donec egestas.;1981-10-16 10:06:32;Sioux City
93;74;Nicole Head;(04963) 2186784;P.O. Box 823, 8226 Facilisis, Avenue;63.63669, 14.37019;lobortis mauris. Suspendisse aliquet molestie tellus. Aenean egestas hendrerit neque.;1982-07-26 07:05:06;Neerrepen
94;33;Beverly Haynes;(0637) 36392019;1449 Pulvinar Av.;13.72565, -114.31851;mi pede, nonummy ut, molestie in, tempus eu, ligula. Aenean;1982-07-11 00:24:32;Quillón
95;76;Olympia Macias;(0272) 21763786;Ap #990-1087 Sed Road;78.43065, -175.24083;Nulla tincidunt, neque vitae semper egestas, urna justo faucibus lectus,;1980-05-17 07:00:49;Meeffe
96;94;Amelia Mckay;(04657) 1920884;899-9085 Curabitur Ave;-34.15917, -88.67133;luctus felis purus ac tellus. Suspendisse sed dolor. Fusce mi;1984-01-06 07:14:15;Greenwich
97;66;Oprah Sargent;(039688) 765810;Ap #686-3739 Risus, Street;-20.01921, -50.51322;senectus et netus et malesuada fames ac turpis egestas. Aliquam;1985-09-09 17:38:16;LiŽge
98;89;Tamekah Tanner;(05015) 4042127;1168 Aenean Street;84.34858, 116.6132;egestas. Sed pharetra, felis eget varius ultrices, mauris ipsum porta;1989-05-12 21:36:45;Monclova
99;73;Isabelle Wells;(0464) 01468470;P.O. Box 728, 1247 Egestas. Av.;-60.48915, 114.19754;enim, sit amet ornare lectus justo eu arcu. Morbi sit;1987-02-01 01:04:00;Arequipa
100;70;Janna Cain;(00727) 5874046;848-4751 Consequat St.;46.55248, 58.7383;massa. Mauris vestibulum, neque sed dictum eleifend, nunc risus varius;1989-03-09 00:28:56;Roux
